image_url,image_name
https://image.thanhnien.vn/w1024/Uploaded/2022/wpxlcqjwq/2022_10_04/1-4803.jpg,1
https://i.etsystatic.com/32477306/r/il/9cbb07/3605878635/il_794xN.3605878635_m4vf.jpg,2
https://i.pinimg.com/originals/3c/01/91/3c0191afe5e0b321c46sf780c41df84e1.jpg,yoona 2
https://i.etsystatic.com/32477306/r/il/283020/3445252118/il_794xN.3445252118_a3nb.jpg,3
https://i.etsystatic.com/32477306/r/il/444415/4007093134/il_794xN.4007093134_nrs3.jpg,4
https://i.etsystatic.com/32477306/r/il/7cd496/3493629484/il_794xN.3493629484_ik8c.jpg,5
https://suckhoedoisong.qltns.mediacdn.vn/324455921873985536/2021/9/8/photo-1631097898298-16310978987361440614138.jpg,Yoona
https://d3cav5r4mkyokm.cloudfront.net/staging/41fe301c-99d0-4dfb-ac09-0067b116475b/61cd203fac286a005c2a3c90/A-LM-2022-IJUM-1671016220602.png,
https://i.etsystatic.com/32678693/r/il/061e52/4357283876/il_794xN.4357283876_f84a.jpg,
https://d3cav5r4mkyokm.cloudfront.net/staging/41fe301c-99d0-4dfb-ac09-0067b116475b/63998fa3721277005b7b9cdb/A-LM-2022-WU97-1671008228041.png,7
https://d3cav5r4mkyokm.cloudfront.net/staging/41fe301c-99d0-4dfb-ac09-0067b116475b/63998fa3721277005b7b9cdb/A-LM-2022-M3KH-1671008640763.png,8
https://d3cav5r4mkyokm.cloudfront.net/staging/41fe301c-99d0-4dfb-ac09-0067b116475b/63369ee287f266005055dc9c/A-LM-2022-HLB9-1666164809868.png,
